Arbeidsgiver,url,date_added,Stillingstittel,Ansettelsesform,Sektor,Bransje,Stillingsfunksjon
Ecura Hjemmetjenester og BPA,https://www.finn.no/job/parttime/ad.html?finnkode=346909345,2024-04-04,Ferievikar søkes til hyggelig dame i sommer!,Vikariat,Privat,Helse og omsorg,Helsepersonell
Ecura Hjemmetjenester og BPA,https://www.finn.no/job/parttime/ad.html?finnkode=346907678,2024-04-04,Ferievikarer søkes til hyggelig mann i 30-årene!,Vikariat,Privat,Helse og omsorg,Helsepersonell
Bydel Bjerke,https://www.finn.no/job/fulltime/ad.html?finnkode=346907390,2024-04-04,Pedagogisk leder,Vikariat,Offentlig,Barn,Barnehage / Pedagogisk leder
Bydel Bjerke,https://www.finn.no/job/fulltime/ad.html?finnkode=346907390,2024-04-04,Pedagogisk leder,Vikariat,Offentlig,skole og undervisning,Barnehage / Pedagogisk leder
Head Energy Consulting AS,https://www.finn.no/job/fulltime/ad.html?finnkode=346911408,2024-04-04,Contract Manager Projects,Prosjekt,Privat,Kraft og energi,Konsulent
Head Energy Consulting AS,https://www.finn.no/job/fulltime/ad.html?finnkode=346911408,2024-04-04,Contract Manager Projects,Prosjekt,Privat,Kraft og energi,Ingeniør
Head Energy Consulting AS,https://www.finn.no/job/fulltime/ad.html?finnkode=346911408,2024-04-04,Contract Manager Projects,Prosjekt,Privat,Maritim og offshore,Konsulent
Head Energy Consulting AS,https://www.finn.no/job/fulltime/ad.html?finnkode=346911408,2024-04-04,Contract Manager Projects,Prosjekt,Privat,Maritim og offshore,Ingeniør
Head Energy Consulting AS,https://www.finn.no/job/fulltime/ad.html?finnkode=346911408,2024-04-04,Contract Manager Projects,Prosjekt,Privat,Olje og gass,Konsulent
Head Energy Consulting AS,https://www.finn.no/job/fulltime/ad.html?finnkode=346911408,2024-04-04,Contract Manager Projects,Prosjekt,Privat,Olje og gass,Ingeniør
Oslo kommune,https://www.finn.no/job/fulltime/ad.html?finnkode=346907361,2024-04-04,Koordinator for informasjonssikkerhet og personvern,Fast,Offentlig,Annet,Annet
Manpower,https://www.finn.no/job/fulltime/ad.html?finnkode=346910473,2024-04-04,Verkstedoptiker/innslipningsmedarbeider,Engasjement,Privat,Butikk og varehandel,Håndverker
Manpower,https://www.finn.no/job/fulltime/ad.html?finnkode=346910473,2024-04-04,Verkstedoptiker/innslipningsmedarbeider,Engasjement,Privat,Butikk og varehandel,Logistikk og lager
Manpower,https://www.finn.no/job/fulltime/ad.html?finnkode=346910473,2024-04-04,Verkstedoptiker/innslipningsmedarbeider,Engasjement,Privat,Butikk og varehandel,Teknisk service
Matkroken Ulven,https://www.finn.no/job/parttime/ad.html?finnkode=346899509,2024-04-04,Butikkmedarbeider,Fast,Privat,Butikk og varehandel,Butikkansatt
Matkroken Ulven,https://www.finn.no/job/parttime/ad.html?finnkode=346899509,2024-04-04,Butikkmedarbeider,Fast,Privat,Butikk og varehandel,Butikkansatt
Forbrukerrådet,https://www.finn.no/job/management/ad.html?finnkode=346899576,2024-04-04,Leder for juridiske tjenester,Fast,Offentlig,Offentlig administrasjon,Ledelse
Kongelig Norsk Seilforening,https://www.finn.no/job/management/ad.html?finnkode=346766668,2024-04-04,Generalsekretær,Fast,Organisasjoner,Idrett og trening,Ledelse
Folkehelseinstituttet FHI,https://www.finn.no/job/fulltime/ad.html?finnkode=346857561,2024-04-04,Forsker/Seniorforsker – Helserisikovurdering av tobakk- og nye nikotinprodukter,Fast,Offentlig,"Forskning, utdanning og vitenskap",Forskning/Stipendiat/Postdoktor
Folkehelseinstituttet FHI,https://www.finn.no/job/fulltime/ad.html?finnkode=346857561,2024-04-04,Forsker/Seniorforsker – Helserisikovurdering av tobakk- og nye nikotinprodukter,Fast,Offentlig,"Forskning, utdanning og vitenskap",Lege / Laboratoriemedisin
Folkehelseinstituttet FHI,https://www.finn.no/job/fulltime/ad.html?finnkode=346857561,2024-04-04,Forsker/Seniorforsker – Helserisikovurdering av tobakk- og nye nikotinprodukter,Fast,Offentlig,"Forskning, utdanning og vitenskap",Lege
Folkehelseinstituttet FHI,https://www.finn.no/job/fulltime/ad.html?finnkode=346857561,2024-04-04,Forsker/Seniorforsker – Helserisikovurdering av tobakk- og nye nikotinprodukter,Fast,Offentlig,Helse og omsorg,Forskning/Stipendiat/Postdoktor
Folkehelseinstituttet FHI,https://www.finn.no/job/fulltime/ad.html?finnkode=346857561,2024-04-04,Forsker/Seniorforsker – Helserisikovurdering av tobakk- og nye nikotinprodukter,Fast,Offentlig,Helse og omsorg,Lege / Laboratoriemedisin
Folkehelseinstituttet FHI,https://www.finn.no/job/fulltime/ad.html?finnkode=346857561,2024-04-04,Forsker/Seniorforsker – Helserisikovurdering av tobakk- og nye nikotinprodukter,Fast,Offentlig,Helse og omsorg,Lege
