Arbeidsgiver,Stillingstittel,Ansettelsesform,Sektor,Bransje,Stillingsfunksjon,url,date_added
Ecura Hjemmetjenester og BPA,Brukerstyrt personlig assistent,Fast,Privat,Helse og omsorg,Omsorg og sosialt arbeid,https://www.finn.no/job/parttime/ad.html?finnkode=340324068,2024-02-15
Rusta Norge,Varehusmedarbeider til 40% vikariat og 30% 40% og 50% til sommersesongen,Sommer/Sesong,Privat,Butikk og varehandel,Butikkansatt,https://www.finn.no/job/parttime/ad.html?finnkode=340323724,2024-02-15
Oslo universitetssykehus HF,Enhetsleder,Fast,Offentlig,Annet,Annet,https://www.finn.no/job/fulltime/ad.html?finnkode=340323479,2024-02-15
Oslo kommune,Spesialkonsulent,Fast,Offentlig,Offentlig administrasjon,HR personal og rekruttering,https://www.finn.no/job/fulltime/ad.html?finnkode=340322850,2024-02-15
Oslo kommune,Spesialkonsulent,Fast,Offentlig,Offentlig administrasjon,Kontor og administrasjon,https://www.finn.no/job/fulltime/ad.html?finnkode=340322850,2024-02-15
Oslo kommune,Spesialkonsulent,Fast,Offentlig,Offentlig administrasjon,Saksbehandler,https://www.finn.no/job/fulltime/ad.html?finnkode=340322850,2024-02-15
Multiconsult,Rådgiver konstruksjonsteknikk mur,Fast,Privat,Konsulent og rådgivning,Ingeniør / Bygge- og anleggsteknikk,https://www.finn.no/job/fulltime/ad.html?finnkode=340322745,
Multiconsult,Rådgiver konstruksjonsteknikk mur,Fast,Privat,Konsulent og rådgivning,Ingeniør / Bygningsfysikk,https://www.finn.no/job/fulltime/ad.html?finnkode=340322745,
Multiconsult,Rådgiver konstruksjonsteknikk mur,Fast,Privat,Konsulent og rådgivning,Rådgivning,https://www.finn.no/job/fulltime/ad.html?finnkode=340322745,
Multiconsult,Rådgiver konstruksjonsteknikk mur,Fast,Privat,Bygg og anlegg,Ingeniør / Bygge- og anleggsteknikk,https://www.finn.no/job/fulltime/ad.html?finnkode=340322745,
Multiconsult,Rådgiver konstruksjonsteknikk mur,Fast,Privat,Bygg og anlegg,Ingeniør / Bygningsfysikk,https://www.finn.no/job/fulltime/ad.html?finnkode=340322745,
Multiconsult,Rådgiver konstruksjonsteknikk mur,Fast,Privat,Bygg og anlegg,Rådgivning,https://www.finn.no/job/fulltime/ad.html?finnkode=340322745,
Multiconsult,Rådgiver konstruksjonsteknikk mur,Fast,Privat,Annet,Ingeniør / Bygge- og anleggsteknikk,https://www.finn.no/job/fulltime/ad.html?finnkode=340322745,
Multiconsult,Rådgiver konstruksjonsteknikk mur,Fast,Privat,Annet,Ingeniør / Bygningsfysikk,https://www.finn.no/job/fulltime/ad.html?finnkode=340322745,
Multiconsult,Rådgiver konstruksjonsteknikk mur,Fast,Privat,Annet,Rådgivning,https://www.finn.no/job/fulltime/ad.html?finnkode=340322745,
Oslo kommune,Rådgiver Regnskap,Fast,Offentlig,Offentlig administrasjon,Økonomi og regnskap / Regnskap,https://www.finn.no/job/fulltime/ad.html?finnkode=340322355,
Oslo kommune,Rådgiver Regnskap,Fast,Offentlig,Offentlig administrasjon,Økonomi og regnskap,https://www.finn.no/job/fulltime/ad.html?finnkode=340322355,
Oslo kommune,Rådgiver Regnskap,Fast,Offentlig,Økonomi og regnskap,Økonomi og regnskap / Regnskap,https://www.finn.no/job/fulltime/ad.html?finnkode=340322355,
Oslo kommune,Rådgiver Regnskap,Fast,Offentlig,Økonomi og regnskap,Økonomi og regnskap,https://www.finn.no/job/fulltime/ad.html?finnkode=340322355,
Vilect AS,Digital markedsfører,Fast,Privat,Markedsføring og annonsering,Markedsfører,https://www.finn.no/job/parttime/ad.html?finnkode=340325098,2024-02-15
Vilect AS,Digital markedsfører,Fast,Privat,HR organisasjonsutvikling og rekruttering,Markedsfører,https://www.finn.no/job/parttime/ad.html?finnkode=340325098,2024-02-15
Vilect AS,Digital markedsfører,Fast,Privat,Markedsanalyse,Markedsfører,https://www.finn.no/job/parttime/ad.html?finnkode=340325098,2024-02-15
Toptemp Hospitality AS,Servitør,Engasjement,Privat,Restaurant mat og uteliv,Mat og servering,https://www.finn.no/job/fulltime/ad.html?finnkode=340324226,2024-02-15
Toptemp Hospitality AS,Servitør,Engasjement,Privat,Hotell og overnatting,Mat og servering,https://www.finn.no/job/fulltime/ad.html?finnkode=340324226,2024-02-15
Toptemp Hospitality AS,Servitør,Engasjement,Privat,Storhusholdning og catering,Mat og servering,https://www.finn.no/job/fulltime/ad.html?finnkode=340324226,2024-02-15
Oslo universitetssykehus HF,Postdoctoral Research Fellow,Engasjement,Offentlig,Helse og omsorg,Forskning/Stipendiat/Postdoktor,https://www.finn.no/job/fulltime/ad.html?finnkode=340321154,2024-02-15
Sens Arbeidsinkludering,Jobbveileder Miljøarena,Fast,Privat,Helse og omsorg,Kurs og opplæring,https://www.finn.no/job/fulltime/ad.html?finnkode=340319286,2024-02-15
Sens Arbeidsinkludering,Jobbveileder Miljøarena,Fast,Privat,Helse og omsorg,Undervisning og pedagogikk / Veileder,https://www.finn.no/job/fulltime/ad.html?finnkode=340319286,2024-02-15
Sens Arbeidsinkludering,Jobbveileder Miljøarena,Fast,Privat,Helse og omsorg,Omsorg og sosialt arbeid,https://www.finn.no/job/fulltime/ad.html?finnkode=340319286,2024-02-15
